{
    "status": {
        "code": 200
    },
    "artist": "Todos Destinos",
    "title": "L'Oppidum du Peuple",
    "auftakt_result": {
        "clicks_per_bar": 8,
        "overall_tempo": 159.947891,
        "overall_tempo_straight": 159.98851,
        "click_marks": {
            "easy" : [
  [12.79929705],
  [13.60038549],
  [14.35503401],
  [15.09807256],
  [15.81789116],
  [16.58414966],
  [17.35040816],
  [18.09344671],
  [18.48818594],
  [18.84809524],
  [19.60274376],
  [20.36278912],
  [21.12904762],
  [21.86047619],
  [22.60351474],
  [23.33494331],
  [24.11281179],
  [24.86746032],
  [25.61049887],
  [26.35353741],
  [27.07335601],
  [27.81639456],
  [28.59426304],
  [29.36052154],
  [30.11517007],
  [30.84659864],
  [31.58963719],
  [32.35589569],
  [33.1221542],
  [33.86519274],
  [34.63145125],
  [35.32804989],
  [36.09430839],
  [36.82573696],
  [37.56877551],
  [38.33503401],
  [39.08968254],
  [39.83272109],
  [40.57575964],
  [41.33040816],
  [42.08505669],
  [42.82809524],
  [43.57113379],
  [44.33739229],
  [45.05721088],
  [45.81185941],
  [46.59222222],
  [47.3700907],
  [48.04346939],
  [48.80972789],
  [49.17761905],
  [50.16190476],
  [50.73079365],
  [51.84535147],
  [52.25170068],
  [53.35464853],
  [53.7261678],
  [54.82911565],
  [55.19081633],
  [56.34020408],
  [56.71172336],
  [57.83789116],
  [58.19780045],
  [59.28913832],
  [59.70709751],
  [60.82165533],
  [61.1931746],
  [61.58791383],
  [62.3193424],
  [63.07399093],
  [63.84024943],
  [64.58328798],
  [65.32632653],
  [66.09258503],
  [66.84723356],
  [67.59027211],
  [68.33331066],
  [69.08795918],
  [69.80777778],
  [70.57403628],
  [71.32868481],
  [72.09494331],
  [72.83798186],
  [73.58102041],
  [74.33566893],
  [75.07870748],
  [75.82174603],
  [76.57639456],
  [77.30782313],
  [78.10891156],
  [78.84034014],
  [79.58337868],
  [80.36124717],
  [81.11090703],
  [81.85394558],
  [82.59698413],
  [83.30519274],
  [84.05984127],
  [84.79126984],
  [85.18600907],
  [86.14963719],
  [86.71852608],
  [87.65893424],
  [88.23943311],
  [89.16823129],
  [89.71390023],
  [90.65430839],
  [91.23480726],
  [92.16360544],
  [92.70356009],
  [93.6207483],
  [94.18963719],
  [95.14165533],
  [95.69893424],
  [96.65095238],
  [97.17340136],
  [98.70591837],
  [99.77403628],
  [100.1919955],
  [101.7361224],
  [103.1409297],
  [104.6850567],
  [105.7996145],
  [106.1827438],
  [107.6804308],
  [108.9110884],
  [109.2361678],
  [110.664195],
  [111.8019728],
  [112.196712],
  [113.6711791],
  [115.2036961],
  [116.6781633],
  [117.8043311],
  [118.1990703],
  [119.6387075],
  [121.1828345],
  [122.6689116],
  [123.8066893],
  [124.2014286],
  [125.6758957],
  [127.1503628],
  [128.6452381],
  [129.8470068],
  [130.2069161],
  [131.7046032],
  [132.8641723],
  [134.7217687],
  [136.2310658],
  [137.7519728],
  [139.2264399],
  [140.7589569],
  [141.8735147],
  [142.245034],
  [145.2041723],
  [145.6221315],
  [146.3535601],
  [146.7134694],
  [147.4681179],
  [147.8628571],
  [148.2343764],
  [149.3605442],
  [149.7320635],
  [150.8582313],
  [151.2181406],
  [152.3559184],
  [152.7158277],
  [153.8652154],
  [154.2251247],
  [155.3629025],
  [155.7228118],
  [156.8605896],
  [157.2321088],
  [158.3698866],
  [158.7297959],
  [159.8443537],
  [160.2507029],
  [161.3536508],
  [161.7135601],
  [162.8397279],
  [163.2228571],
  [164.3722449],
  [164.7553741],
  [165.869932],
  [166.2298413],
  [167.3327891],
  [167.7275283],
  [169.2393197],
  [170.3538776],
  [170.7253968],
  [171.8051247],
  [172.2114739],
  [173.3376417],
  [173.720771],
  [174.8121088],
  [175.2068481],
  [176.3330159],
  [176.7277551],
  [177.819093],
  [178.2138322],
  [179.32839],
  [179.7115193],
  [180.8144671],
  [181.1743764],
  [182.3121542],
  [182.7068934],
  [183.8098413],
  [184.2161905],
  [185.3191383],
  [185.7022676],
  [186.8052154],
  [187.1999546],
  [188.3261224],
  [188.6860317],
  [189.8121995],
  [190.1953288],
  [191.2982766],
  [191.6697959],
  [192.8075737],
  [193.1907029],
  [194.3052608],
  [194.72322],
  [195.8377778],
  [196.2092971],
  [197.3238549],
  [197.6837642],
  [198.821542],
  [199.2046712],
  [200.307619],
  [200.7023583],
  [201.8053061],
  [202.2000454],
  [203.3146032],
  [203.7093424],
  [204.8559965],
  [205.2418594]
],