{
    "status": {
        "code": 200
    },
    "artist": "Underschool Element",
    "title": "Psalmatic",

    "auftakt_result": {
        "clicks_per_bar": 8,
        "overall_tempo": 136.703781,
        "overall_tempo_straight": 137.974182,
        "click_marks": {
            "easy" : [
  [7.225668934],
  [8.131247166],
  [8.990385488],
  [9.837913832],
  [10.46485261],
  [10.72027211],
  [11.58455277],
  [12.48498866],
  [13.33251701],
  [13.95945578],
  [14.20326531],
  [15.05079365],
  [15.93315193],
  [16.80390023],
  [17.47727891],
  [17.70947846],
  [18.54539683],
  [19.39292517],
  [20.28689342],
  [20.92544218],
  [21.15764172],
  [22.02839002],
  [22.89913832],
  [23.79310658],
  [24.40843537],
  [24.6522449],
  [25.48816327],
  [26.35891156],
  [27.22965986],
  [28.10040816],
  [28.98276644],
  [29.86512472],
  [30.70289225],
  [31.35711642],
  [31.57011963],
  [32.45256153],
  [32.90693878],
  [33.32489796],
  [35.07800454],
  [35.77460317],
  [36.90077098],
  [37.57414966],
  [38.24752834],
  [38.68870748],
  [39.33886621],
  [40.43020408],
  [41.11519274],
  [41.80018141],
  [42.24136054],
  [42.90312925],
  [44.0060771],
  [44.67945578],
  [45.36444444],
  [45.80562358],
  [46.45578231],
  [47.11755102],
  [47.81414966],
  [48.45269841],
  [48.90548753],
  [49.34666667],
  [50.00843537],
  [51.03011338],
  [51.68027211],
  [52.34204082],
  [52.78321995],
  [53.44498866],
  [54.55954649],
  [55.20970522],
  [55.85986395],
  [56.28943311],
  [56.95120181],
  [58.04253968],
  [58.66947846],
  [59.31963719],
  [59.73759637],
  [61.50231293],
  [62.18730159],
  [62.81424036],
  [63.2554195],
  [63.88235828],
  [64.95956388],
  [65.62385488],
  [66.2275737],
  [66.68036281],
  [67.31891156],
  [68.43346939],
  [69.06415171],
  [69.71056689],
  [70.16335601],
  [70.81157588],
  [71.91646259],
  [72.54340136],
  [73.19356009],
  [73.65795918],
  [74.31972789],
  [75.39945578],
  [77.14517007],
  [77.88820862],
  [78.52675737],
  [79.00276644],
  [79.88512472],
  [80.32630385],
  [80.76748299],
  [81.4292517],
  [82.11424036],
  [83.47260771],
  [83.89056689],
  [84.34335601],
  [84.99351474],
  [86.96721088],
  [87.40839002],
  [87.87278912],
  [88.52294785],
  [90.07868481],
  [90.5430839],
  [90.98426304],
  [91.4138322],
  [91.84340136],
  [92.72952381],
  [93.14748299],
  [94.44780045],
  [94.92380952],
  [96.20090703],
  [96.64208617],
  [97.91918367],
  [98.37197279],
  [99.70712018],
  [100.1366893],
  [101.3789569],
  [101.8201361],
  [103.1552834],
  [103.6080726],
  [105.1057596],
  [105.3379592],
  [106.8356463],
  [107.0910658],
  [108.7861224],
  [110.3070295],
  [110.539229],
  [111.6305669],
  [112.3155556],
  [113.7784127],
  [113.9990023],
  [115.0903401],
  [115.7521088],
  [116.8202268],
  [117.4819955],
  [119.1770522],
  [119.8852608],
  [120.6050794],
  [121.0578685],
  [121.6731973],
  [122.323356],
  [122.7877551],
  [123.4263039],
  [124.1229025],
  [124.5873016],
  [125.2258503],
  [125.910839],
  [126.3636281],
  [127.0021769],
  [127.6987755],
  [128.3721542],
  [129.0339229],
  [129.475102],
  [129.9395011],
  [130.5896599],
  [131.2398186],
  [131.9248073],
  [132.586576],
  [133.0393651],
  [133.4805442],
  [134.3745125],
  [135.2568707],
  [136.139229],
  [137.0099773],
  [137.9503855],
  [138.8211338],
  [140.5742404],
  [141.4565986],
  [142.3389569],
  [143.2329252],
  [144.1152834],
  [145.0092517],
  [145.9148299],
  [146.7971882],
  [147.6563265],
  [148.5619048],
  [149.455873],
  [150.3730612],
  [151.2554195],
  [152.1377778],
  [153.043356],
  [153.9257143],
  [154.7848526],
  [155.6788209],
  [156.5611791],
  [157.4783673],
  [158.3607256],
  [159.2663039],
  [160.1602721],
  [161.0542404],
  [161.5070295],
  [161.9365986],
  [162.8189569],
  [163.7129252],
  [164.5952834],
  [165.0480726],
  [165.5008617],
  [166.37161],
  [167.2423583],
  [168.1711565],
  [168.6007256],
  [169.0419048],
  [169.9126531],
  [170.8182313],
  [171.7121995],
  [172.1533787],
  [172.6061678],
  [173.4885261],
  [174.3592744],
  [174.8120635],
  [175.2648526],
  [175.7060317],
  [176.1588209],
  [176.8670295],
  [177.5055782],
  [178.144127],
  [178.8175057],
  [179.2586848],
  [179.6998639],
  [180.3848526],
  [181.0350113],
  [181.72],
  [182.3817687],
  [182.8113379],
  [183.240907],
  [183.9142857],
  [184.5644444],
  [185.2262132],
  [185.9228118],
  [186.3639909],
  [186.81678],
  [187.4785488],
  [188.1403175],
  [188.8020862],
  [189.4754649],
  [189.916644],
  [190.3694331],
  [191.0195918],
  [191.6697506],
  [192.3547392],
  [193.0165079],
  [193.4576871],
  [193.9104762],
  [194.5606349],
  [195.2340136],
  [195.9073923],
  [196.592381],
  [197.0335601],
  [197.4747392],
  [198.1713379],
  [198.8214966],
  [199.5064853],
  [200.1218141],
  [200.5862132],
  [201.0390023],
  [201.700771],
  [202.3625397],
  [203.0359184],
  [203.7437642],
  [204.16],
  [204.834]
],